,District,Year,Month,Rainfall,Average Rainfall,Temperature,Average Temperature,Pressure,Average Pressure,Drought Classification
0,Nagpur,2001,January,1,1,6,8,1,1,0
1,Nagpur,2001,February,1,1,6,8,2,2,0
2,Nagpur,2001,March,1,1,5,7,3,3,0
3,Nagpur,2001,April,1,1,3,4,4,4,0
4,Nagpur,2001,May,1,1,2,3,4,5,0
5,Nagpur,2001,June,5,3,1,2,4,4,0
6,Nagpur,2001,July,4,6,2,2,3,3,0
7,Nagpur,2001,August,5,5,2,2,3,3,0
8,Nagpur,2001,September,2,3,2,4,3,3,0
9,Nagpur,2001,October,2,1,4,6,3,3,0
10,Nagpur,2001,November,1,1,6,8,2,2,0
11,Nagpur,2001,December,1,1,6,8,2,1,0
12,Nagpur,2002,January,1,1,6,8,2,1,1
13,Nagpur,2002,February,1,1,5,8,2,2,0
14,Nagpur,2002,March,1,1,5,7,3,3,0
15,Nagpur,2002,April,1,1,3,4,4,4,1
16,Nagpur,2002,May,1,1,2,3,5,5,1
17,Nagpur,2002,June,5,3,1,2,4,4,1
18,Nagpur,2002,July,2,6,1,2,3,3,0
19,Nagpur,2002,August,6,5,2,2,3,3,1
20,Nagpur,2002,September,3,3,2,4,3,3,1
21,Nagpur,2002,October,1,1,5,6,2,3,1
22,Nagpur,2002,November,1,1,6,8,2,2,1
23,Nagpur,2002,December,1,1,6,8,1,1,1
24,Nagpur,2003,January,1,1,6,8,1,1,0
25,Nagpur,2003,February,1,1,5,8,2,2,0
26,Nagpur,2003,March,1,1,5,7,3,3,0
27,Nagpur,2003,April,1,1,3,4,3,4,0
28,Nagpur,2003,May,1,1,2,3,4,5,0
29,Nagpur,2003,June,3,3,1,2,4,4,0
30,Nagpur,2003,July,9,6,2,2,3,3,0
31,Nagpur,2003,August,6,5,2,2,3,3,0
32,Nagpur,2003,September,3,3,3,4,3,3,0
33,Nagpur,2003,October,1,1,4,6,3,3,0
34,Nagpur,2003,November,1,1,6,8,2,2,0
35,Nagpur,2003,December,1,1,6,8,1,1,0
36,Nagpur,2004,January,1,1,5,8,1,1,1
37,Nagpur,2004,February,1,1,5,8,2,2,0
38,Nagpur,2004,March,1,1,6,7,3,3,0
39,Nagpur,2004,April,1,1,3,4,4,4,1
40,Nagpur,2004,May,1,1,1,3,5,5,1
41,Nagpur,2004,June,3,3,1,2,4,4,1
42,Nagpur,2004,July,5,6,1,2,3,3,0
43,Nagpur,2004,August,4,5,2,2,3,3,1
44,Nagpur,2004,September,2,3,3,4,3,3,1
45,Nagpur,2004,October,1,1,5,6,3,3,1
46,Nagpur,2004,November,1,1,5,8,2,2,1
47,Nagpur,2004,December,1,1,6,8,1,1,1
48,Nagpur,2005,January,2,1,5,8,1,1,0
49,Nagpur,2005,February,1,1,5,8,2,2,0
50,Nagpur,2005,March,1,1,5,7,3,3,0
51,Nagpur,2005,April,1,1,3,4,4,4,0
52,Nagpur,2005,May,1,1,2,3,4,5,0
53,Nagpur,2005,June,4,3,2,2,4,4,0
54,Nagpur,2005,July,7,6,2,2,3,3,0
55,Nagpur,2005,August,3,5,2,2,3,3,0
56,Nagpur,2005,September,5,3,3,4,3,3,0
57,Nagpur,2005,October,2,1,4,6,3,3,0
58,Nagpur,2005,November,1,1,6,8,2,2,0
59,Nagpur,2005,December,1,1,6,8,1,1,0
60,Nagpur,2006,January,1,1,6,8,2,1,0
61,Nagpur,2006,February,1,1,6,8,2,2,0
62,Nagpur,2006,March,2,1,4,7,3,3,0
63,Nagpur,2006,April,1,1,3,4,4,4,0
64,Nagpur,2006,May,1,1,1,3,4,5,0
65,Nagpur,2006,June,2,3,2,2,3,4,0
66,Nagpur,2006,July,6,6,2,2,3,3,0
67,Nagpur,2006,August,5,5,1,2,3,3,0
68,Nagpur,2006,September,3,3,3,4,3,3,0
69,Nagpur,2006,October,1,1,5,6,3,3,0
70,Nagpur,2006,November,1,1,5,8,2,2,0
71,Nagpur,2006,December,1,1,6,8,1,1,0
72,Nagpur,2007,January,1,1,6,8,1,1,0
73,Nagpur,2007,February,1,1,5,8,2,2,0
74,Nagpur,2007,March,1,1,5,7,3,3,0
75,Nagpur,2007,April,1,1,3,4,4,4,0
76,Nagpur,2007,May,1,1,3,3,5,5,0
77,Nagpur,2007,June,5,3,2,2,3,4,0
78,Nagpur,2007,July,7,6,2,2,3,3,0
79,Nagpur,2007,August,5,5,2,2,3,3,0
80,Nagpur,2007,September,4,3,2,4,3,3,0
81,Nagpur,2007,October,1,1,5,6,3,3,0
82,Nagpur,2007,November,1,1,5,8,2,2,0
83,Nagpur,2007,December,1,1,6,8,2,1,0
84,Nagpur,2008,January,1,1,6,8,1,1,0
85,Nagpur,2008,February,1,1,6,8,2,2,0
86,Nagpur,2008,March,1,1,5,7,3,3,0
87,Nagpur,2008,April,1,1,3,4,4,4,0
88,Nagpur,2008,May,1,1,2,3,5,5,0
89,Nagpur,2008,June,4,3,2,2,4,4,0
90,Nagpur,2008,July,5,6,1,2,3,3,0
91,Nagpur,2008,August,4,5,3,2,2,3,0
92,Nagpur,2008,September,2,3,3,4,3,3,0
93,Nagpur,2008,October,1,1,5,6,3,3,0
94,Nagpur,2008,November,1,1,5,8,2,2,0
95,Nagpur,2008,December,1,1,6,8,2,1,0
96,Nagpur,2009,January,1,1,6,8,1,1,0
97,Nagpur,2009,February,1,1,6,8,2,2,0
98,Nagpur,2009,March,1,1,5,7,3,3,0
99,Nagpur,2009,April,1,1,4,4,4,4,0
100,Nagpur,2009,May,1,1,2,3,5,5,0
101,Nagpur,2009,June,2,3,1,2,4,4,0
102,Nagpur,2009,July,8,6,1,2,3,3,0
103,Nagpur,2009,August,3,5,2,2,3,3,0
104,Nagpur,2009,September,2,3,3,4,3,3,0
105,Nagpur,2009,October,1,1,5,6,2,3,0
106,Nagpur,2009,November,1,1,5,8,2,2,0
107,Nagpur,2009,December,1,1,6,8,1,1,0
108,Nagpur,2010,January,1,1,6,8,1,1,0
109,Nagpur,2010,February,1,1,6,8,2,2,0
110,Nagpur,2010,March,1,1,4,7,4,3,0
111,Nagpur,2010,April,1,1,3,4,4,4,0
112,Nagpur,2010,May,1,1,1,3,5,5,0
113,Nagpur,2010,June,3,3,2,2,4,4,0
114,Nagpur,2010,July,7,6,2,2,3,3,0
115,Nagpur,2010,August,7,5,2,2,3,3,0
116,Nagpur,2010,September,4,3,2,4,3,3,0
117,Nagpur,2010,October,1,1,4,6,3,3,0
118,Nagpur,2010,November,1,1,5,8,3,2,0
119,Nagpur,2010,December,1,1,5,8,1,1,0
120,Nagpur,2011,January,1,1,6,8,2,1,1
121,Nagpur,2011,February,1,1,5,8,2,2,0
122,Nagpur,2011,March,1,1,4,7,3,3,0
123,Nagpur,2011,April,1,1,3,4,4,4,1
124,Nagpur,2011,May,1,1,2,3,5,5,1
125,Nagpur,2011,June,2,3,1,2,4,4,1
126,Nagpur,2011,July,5,6,1,2,3,3,0
127,Nagpur,2011,August,6,5,2,2,3,3,1
128,Nagpur,2011,September,4,3,3,4,3,3,1
129,Nagpur,2011,October,1,1,4,6,3,3,1
130,Nagpur,2011,November,1,1,5,8,2,2,1
131,Nagpur,2011,December,1,1,5,8,1,1,1
132,Nagpur,2012,January,1,1,5,8,1,1,0
133,Nagpur,2012,February,1,1,5,8,2,2,0
134,Nagpur,2012,March,1,1,4,7,4,3,0
135,Nagpur,2012,April,1,1,3,4,5,4,0
136,Nagpur,2012,May,1,1,2,3,5,5,0
137,Nagpur,2012,June,2,3,1,2,4,4,0
138,Nagpur,2012,July,6,6,1,2,3,3,0
139,Nagpur,2012,August,5,5,1,2,3,3,0
140,Nagpur,2012,September,5,3,3,4,3,3,0
141,Nagpur,2012,October,1,1,5,6,2,3,0
142,Nagpur,2012,November,1,1,5,8,2,2,0
143,Nagpur,2012,December,1,1,5,8,1,1,0
144,Nagpur,2013,January,1,1,6,8,1,1,0
145,Nagpur,2013,February,1,1,5,8,2,2,0
146,Nagpur,2013,March,1,1,6,7,3,3,0
147,Nagpur,2013,April,1,1,3,4,5,4,0
148,Nagpur,2013,May,1,1,2,3,5,5,0
149,Nagpur,2013,June,7,3,1,2,3,4,0
150,Nagpur,2013,July,8,6,1,2,3,3,0
151,Nagpur,2013,August,6,5,2,2,3,3,0
152,Nagpur,2013,September,2,3,3,4,3,3,0
153,Nagpur,2013,October,2,1,4,6,2,3,0
154,Nagpur,2013,November,1,1,5,8,2,2,0
155,Nagpur,2013,December,1,1,6,8,1,1,0
156,Nagpur,2014,January,1,1,6,8,1,1,1
157,Nagpur,2014,February,1,1,5,8,2,2,0
158,Nagpur,2014,March,1,1,5,7,3,3,0
159,Nagpur,2014,April,1,1,4,4,4,4,1
160,Nagpur,2014,May,1,1,3,3,5,5,1
161,Nagpur,2014,June,2,3,1,2,5,4,1
162,Nagpur,2014,July,7,6,1,2,3,3,0
163,Nagpur,2014,August,3,5,3,2,3,3,1
164,Nagpur,2014,September,3,3,3,4,3,3,1
165,Nagpur,2014,October,1,1,5,6,3,3,1
166,Nagpur,2014,November,1,1,6,8,2,2,1
167,Nagpur,2014,December,1,1,6,8,1,1,1
168,Nagpur,2015,January,1,1,6,8,1,1,0
169,Nagpur,2015,February,1,1,6,8,2,2,0
170,Nagpur,2015,March,2,1,5,7,3,3,0
171,Nagpur,2015,April,1,1,4,4,4,4,0
172,Nagpur,2015,May,1,1,3,3,5,5,0
173,Nagpur,2015,June,5,3,2,2,4,4,0
174,Nagpur,2015,July,3,6,2,2,3,3,0
175,Nagpur,2015,August,5,5,3,2,3,3,0
176,Nagpur,2015,September,3,3,3,4,3,3,0
177,Nagpur,2015,October,1,1,5,6,3,3,0
178,Nagpur,2015,November,1,1,6,8,2,2,0
179,Nagpur,2015,December,1,1,6,8,2,1,0
180,Nagpur,2016,January,1,1,6,8,1,1,0
181,Nagpur,2016,February,1,1,6,8,3,2,0
182,Nagpur,2016,March,1,1,5,7,3,3,0
183,Nagpur,2016,April,1,1,3,4,5,4,0
184,Nagpur,2016,May,1,1,3,3,5,5,0
185,Nagpur,2016,June,3,3,2,2,4,4,0
186,Nagpur,2016,July,8,6,2,2,3,3,0
187,Nagpur,2016,August,3,5,2,2,3,3,0
188,Nagpur,2016,September,4,3,3,4,3,3,0
189,Nagpur,2016,October,2,1,4,6,2,3,0
190,Nagpur,2016,November,1,1,6,8,1,2,0
191,Nagpur,2016,December,1,1,6,8,1,1,0
192,Pune,2001,January,1,1,6,8,2,1,0
193,Pune,2001,February,1,1,5,7,2,2,0
194,Pune,2001,March,1,1,4,6,2,3,0
195,Pune,2001,April,1,1,3,4,3,3,1
196,Pune,2001,May,1,1,2,3,3,3,0
197,Pune,2001,June,5,4,2,2,3,3,1
198,Pune,2001,July,5,4,2,3,2,2,0
199,Pune,2001,August,4,4,2,3,2,2,0
200,Pune,2001,September,3,3,3,4,2,2,1
201,Pune,2001,October,3,2,4,5,2,2,1
202,Pune,2001,November,1,1,4,7,2,2,0
203,Pune,2001,December,1,1,5,7,2,1,0
204,Pune,2002,January,1,1,5,8,1,1,0
205,Pune,2002,February,1,1,5,7,2,2,0
206,Pune,2002,March,1,1,5,6,2,3,0
207,Pune,2002,April,1,1,3,4,3,3,1
208,Pune,2002,May,1,1,2,3,3,3,0
209,Pune,2002,June,9,4,2,2,3,3,1
210,Pune,2002,July,2,4,3,3,2,2,0
211,Pune,2002,August,5,4,2,3,2,2,0
212,Pune,2002,September,2,3,3,4,2,2,1
213,Pune,2002,October,1,2,3,5,3,2,1
214,Pune,2002,November,1,1,5,7,2,2,0
215,Pune,2002,December,1,1,5,7,2,1,0
216,Pune,2003,January,1,1,6,8,2,1,0
217,Pune,2003,February,1,1,4,7,2,2,0
218,Pune,2003,March,1,1,4,6,3,3,0
219,Pune,2003,April,1,1,3,4,3,3,1
220,Pune,2003,May,1,1,3,3,3,3,0
221,Pune,2003,June,4,4,2,2,3,3,1
222,Pune,2003,July,4,4,2,3,2,2,0
223,Pune,2003,August,3,4,3,3,2,2,0
224,Pune,2003,September,2,3,3,4,2,2,1
225,Pune,2003,October,1,2,4,5,2,2,1
226,Pune,2003,November,1,1,5,7,2,2,0
227,Pune,2003,December,1,1,5,7,2,1,0
228,Pune,2004,January,1,1,5,8,1,1,0
229,Pune,2004,February,1,1,5,7,1,2,0
230,Pune,2004,March,1,1,5,6,2,3,0
231,Pune,2004,April,1,1,3,4,3,3,0
232,Pune,2004,May,1,1,2,3,3,3,0
233,Pune,2004,June,3,4,2,2,3,3,0
234,Pune,2004,July,2,4,3,3,2,2,0
235,Pune,2004,August,6,4,2,3,2,2,0
236,Pune,2004,September,3,3,3,4,2,2,0
237,Pune,2004,October,1,2,4,5,2,2,0
238,Pune,2004,November,1,1,5,7,3,2,0
239,Pune,2004,December,1,1,5,7,2,1,0
240,Pune,2005,January,1,1,6,8,2,1,0
241,Pune,2005,February,1,1,5,7,2,2,0
242,Pune,2005,March,1,1,5,6,2,3,0
243,Pune,2005,April,1,1,3,4,3,3,0
244,Pune,2005,May,1,1,3,3,3,3,0
245,Pune,2005,June,4,4,2,2,3,3,0
246,Pune,2005,July,7,4,2,3,2,2,0
247,Pune,2005,August,4,4,2,3,2,2,0
248,Pune,2005,September,5,3,3,4,2,2,0
249,Pune,2005,October,2,2,3,5,2,2,0
250,Pune,2005,November,1,1,5,7,2,2,0
251,Pune,2005,December,1,1,5,7,1,1,0
252,Pune,2006,January,1,1,6,8,1,1,0
253,Pune,2006,February,1,1,5,7,2,2,0
254,Pune,2006,March,1,1,4,6,3,3,0
255,Pune,2006,April,1,1,3,4,3,3,0
256,Pune,2006,May,1,1,2,3,3,3,0
257,Pune,2006,June,4,4,2,2,2,3,0
258,Pune,2006,July,6,4,2,3,2,2,0
259,Pune,2006,August,7,4,2,3,2,2,0
260,Pune,2006,September,4,3,3,4,2,2,0
261,Pune,2006,October,1,2,4,5,2,2,0
262,Pune,2006,November,1,1,5,7,2,2,0
263,Pune,2006,December,1,1,5,7,1,1,0
264,Pune,2007,January,1,1,6,8,2,1,0
265,Pune,2007,February,1,1,5,7,2,2,0
266,Pune,2007,March,1,1,4,6,2,3,0
267,Pune,2007,April,1,1,3,4,3,3,0
268,Pune,2007,May,1,1,3,3,3,3,0
269,Pune,2007,June,5,4,2,2,2,3,0
270,Pune,2007,July,5,4,2,3,2,2,0
271,Pune,2007,August,4,4,3,3,2,2,0
272,Pune,2007,September,3,3,3,4,2,2,0
273,Pune,2007,October,1,2,4,5,3,2,0
274,Pune,2007,November,1,1,5,7,2,2,0
275,Pune,2007,December,1,1,5,7,1,1,0
276,Pune,2008,January,1,1,6,8,1,1,0
277,Pune,2008,February,1,1,5,7,2,2,0
278,Pune,2008,March,1,1,4,6,2,3,0
279,Pune,2008,April,1,1,3,4,3,3,0
280,Pune,2008,May,1,1,3,3,3,3,0
281,Pune,2008,June,3,4,2,2,3,3,0
282,Pune,2008,July,2,4,3,3,2,2,0
283,Pune,2008,August,4,4,2,3,2,2,0
284,Pune,2008,September,5,3,3,4,2,2,0
285,Pune,2008,October,1,2,4,5,2,2,0
286,Pune,2008,November,1,1,5,7,2,2,0
287,Pune,2008,December,1,1,4,7,2,1,0
288,Pune,2009,January,1,1,6,8,1,1,0
289,Pune,2009,February,1,1,5,7,2,2,0
290,Pune,2009,March,1,1,4,6,2,3,0
291,Pune,2009,April,1,1,3,4,3,3,1
292,Pune,2009,May,1,1,3,3,3,3,0
293,Pune,2009,June,1,4,2,2,3,3,1
294,Pune,2009,July,6,4,2,3,2,2,0
295,Pune,2009,August,3,4,3,3,2,2,0
296,Pune,2009,September,3,3,3,4,2,2,1
297,Pune,2009,October,2,2,4,5,2,2,1
298,Pune,2009,November,3,1,4,7,1,2,0
299,Pune,2009,December,1,1,5,7,1,1,0
300,Pune,2010,January,1,1,6,8,1,1,0
301,Pune,2010,February,1,1,5,7,2,2,0
302,Pune,2010,March,1,1,4,6,3,3,0
303,Pune,2010,April,1,1,3,4,4,3,0
304,Pune,2010,May,1,1,2,3,4,3,0
305,Pune,2010,June,4,4,2,2,3,3,0
306,Pune,2010,July,4,4,2,3,2,2,0
307,Pune,2010,August,3,4,2,3,2,2,0
308,Pune,2010,September,3,3,3,4,2,2,0
309,Pune,2010,October,2,2,3,5,2,2,0
310,Pune,2010,November,2,1,4,7,2,2,0
311,Pune,2010,December,1,1,4,7,1,1,0
312,Pune,2011,January,1,1,5,8,1,1,0
313,Pune,2011,February,1,1,4,7,2,2,0
314,Pune,2011,March,1,1,4,6,3,3,0
315,Pune,2011,April,1,1,3,4,3,3,1
316,Pune,2011,May,1,1,3,3,3,3,0
317,Pune,2011,June,4,4,2,2,2,3,1
318,Pune,2011,July,4,4,2,3,2,2,0
319,Pune,2011,August,4,4,2,3,2,2,0
320,Pune,2011,September,4,3,3,4,2,2,1
321,Pune,2011,October,2,2,4,5,2,2,1
322,Pune,2011,November,1,1,5,7,2,2,0
323,Pune,2011,December,1,1,5,7,1,1,0
324,Pune,2012,January,1,1,5,8,1,1,0
325,Pune,2012,February,1,1,4,7,2,2,0
326,Pune,2012,March,1,1,4,6,3,3,0
327,Pune,2012,April,1,1,3,4,3,3,1
328,Pune,2012,May,1,1,3,3,3,3,0
329,Pune,2012,June,2,4,2,2,3,3,1
330,Pune,2012,July,3,4,2,3,2,2,0
331,Pune,2012,August,4,4,2,3,2,2,0
332,Pune,2012,September,2,3,3,4,2,2,1
333,Pune,2012,October,3,2,4,5,2,2,1
334,Pune,2012,November,1,1,5,7,2,2,0
335,Pune,2012,December,1,1,5,7,1,1,0
336,Pune,2013,January,1,1,5,8,1,1,0
337,Pune,2013,February,1,1,5,7,2,2,0
338,Pune,2013,March,1,1,4,6,3,3,0
339,Pune,2013,April,1,1,3,4,3,3,0
340,Pune,2013,May,1,1,2,3,4,3,0
341,Pune,2013,June,5,4,2,2,2,3,0
342,Pune,2013,July,7,4,2,3,2,2,0
343,Pune,2013,August,3,4,3,3,2,2,0
344,Pune,2013,September,4,3,3,4,2,2,0
345,Pune,2013,October,1,2,4,5,2,2,0
346,Pune,2013,November,1,1,5,7,2,2,0
347,Pune,2013,December,1,1,5,7,1,1,0
348,Pune,2014,January,1,1,5,8,1,1,0
349,Pune,2014,February,1,1,4,7,2,2,0
350,Pune,2014,March,1,1,4,6,2,3,0
351,Pune,2014,April,1,1,3,4,3,3,1
352,Pune,2014,May,1,1,3,3,3,3,0
353,Pune,2014,June,1,4,2,2,3,3,1
354,Pune,2014,July,7,4,2,3,2,2,0
355,Pune,2014,August,6,4,3,3,2,2,0
356,Pune,2014,September,2,3,3,4,2,2,1
357,Pune,2014,October,1,2,4,5,2,2,1
358,Pune,2014,November,1,1,5,7,2,2,0
359,Pune,2014,December,1,1,5,7,1,1,0
360,Pune,2015,January,1,1,6,8,1,1,0
361,Pune,2015,February,1,1,5,7,2,2,0
362,Pune,2015,March,1,1,5,6,2,3,0
363,Pune,2015,April,1,1,3,4,3,3,0
364,Pune,2015,May,1,1,3,3,3,3,0
365,Pune,2015,June,4,4,2,2,3,3,0
366,Pune,2015,July,2,4,3,3,2,2,0
367,Pune,2015,August,1,4,3,3,2,2,0
368,Pune,2015,September,2,3,3,4,2,2,0
369,Pune,2015,October,2,2,4,5,2,2,0
370,Pune,2015,November,1,1,5,7,2,2,0
371,Pune,2015,December,1,1,5,7,2,1,0
372,Pune,2016,January,1,1,5,8,1,1,0
373,Pune,2016,February,1,1,5,7,2,2,0
374,Pune,2016,March,1,1,4,6,3,3,0
375,Pune,2016,April,1,1,3,4,4,3,0
376,Pune,2016,May,1,1,3,3,4,3,0
377,Pune,2016,June,2,4,2,2,3,3,0
378,Pune,2016,July,6,4,2,3,2,2,0
379,Pune,2016,August,5,4,3,3,2,2,0
380,Pune,2016,September,3,3,3,4,2,2,0
381,Pune,2016,October,1,2,4,5,2,2,0
382,Pune,2016,November,1,1,5,7,1,2,0
383,Pune,2016,December,1,1,5,7,1,1,0
384,Nashik,2001,January,1,1,5,7,1,2,0
385,Nashik,2001,February,1,1,5,7,2,2,0
386,Nashik,2001,March,1,1,4,6,2,3,0
387,Nashik,2001,April,1,1,4,5,3,3,1
388,Nashik,2001,May,1,1,3,4,3,3,0
389,Nashik,2001,June,5,3,2,3,3,3,1
390,Nashik,2001,July,5,5,2,3,2,3,0
391,Nashik,2001,August,3,5,3,3,2,3,0
392,Nashik,2001,September,2,4,4,4,3,3,0
393,Nashik,2001,October,2,1,3,5,3,3,1
394,Nashik,2001,November,1,1,4,6,2,3,0
395,Nashik,2001,December,1,1,5,6,2,2,0
396,Nashik,2002,January,1,1,5,7,1,2,0
397,Nashik,2002,February,1,1,5,7,2,2,0
398,Nashik,2002,March,1,1,4,6,3,3,0
399,Nashik,2002,April,1,1,3,5,3,3,1
400,Nashik,2002,May,1,1,3,4,4,3,0
401,Nashik,2002,June,7,3,2,3,3,3,1
402,Nashik,2002,July,2,5,2,3,3,3,0
403,Nashik,2002,August,5,5,3,3,2,3,0
404,Nashik,2002,September,2,4,4,4,2,3,0
405,Nashik,2002,October,1,1,4,5,3,3,1
406,Nashik,2002,November,1,1,4,6,2,3,0
407,Nashik,2002,December,1,1,5,6,2,2,0
408,Nashik,2003,January,1,1,5,7,2,2,0
409,Nashik,2003,February,1,1,5,7,2,2,0
410,Nashik,2003,March,1,1,5,6,3,3,0
411,Nashik,2003,April,1,1,3,5,3,3,1
412,Nashik,2003,May,1,1,3,4,3,3,0
413,Nashik,2003,June,4,3,2,3,3,3,1
414,Nashik,2003,July,4,5,2,3,3,3,0
415,Nashik,2003,August,4,5,3,3,2,3,0
416,Nashik,2003,September,3,4,4,4,2,3,0
417,Nashik,2003,October,1,1,4,5,2,3,1
418,Nashik,2003,November,1,1,5,6,2,3,0
419,Nashik,2003,December,1,1,4,6,2,2,0
420,Nashik,2004,January,1,1,5,7,1,2,0
421,Nashik,2004,February,1,1,5,7,1,2,0
422,Nashik,2004,March,1,1,4,6,2,3,0
423,Nashik,2004,April,1,1,4,5,3,3,1
424,Nashik,2004,May,1,1,3,4,3,3,0
425,Nashik,2004,June,3,3,2,3,3,3,1
426,Nashik,2004,July,4,5,3,3,2,3,0
427,Nashik,2004,August,10,5,2,3,2,3,0
428,Nashik,2004,September,4,4,3,4,2,3,0
429,Nashik,2004,October,2,1,3,5,3,3,1
430,Nashik,2004,November,1,1,4,6,3,3,0
431,Nashik,2004,December,1,1,4,6,2,2,0
432,Nashik,2005,January,1,1,5,7,1,2,0
433,Nashik,2005,February,1,1,4,7,2,2,0
434,Nashik,2005,March,1,1,5,6,2,3,0
435,Nashik,2005,April,1,1,4,5,3,3,0
436,Nashik,2005,May,1,1,3,4,4,3,0
437,Nashik,2005,June,7,3,2,3,3,3,0
438,Nashik,2005,July,7,5,2,3,3,3,0
439,Nashik,2005,August,5,5,3,3,3,3,0
440,Nashik,2005,September,7,4,3,4,3,3,0
441,Nashik,2005,October,1,1,4,5,3,3,0
442,Nashik,2005,November,1,1,5,6,2,3,0
443,Nashik,2005,December,1,1,5,6,1,2,0
444,Nashik,2006,January,1,1,5,7,1,2,0
445,Nashik,2006,February,1,1,5,7,2,2,0
446,Nashik,2006,March,1,1,5,6,3,3,0
447,Nashik,2006,April,1,1,4,5,3,3,0
448,Nashik,2006,May,1,1,3,4,3,3,0
449,Nashik,2006,June,3,3,2,3,3,3,0
450,Nashik,2006,July,9,5,2,3,2,3,0
451,Nashik,2006,August,10,5,2,3,2,3,0
452,Nashik,2006,September,4,4,3,4,2,3,0
453,Nashik,2006,October,1,1,4,5,2,3,0
454,Nashik,2006,November,1,1,4,6,2,3,0
455,Nashik,2006,December,1,1,5,6,1,2,0
456,Nashik,2007,January,1,1,5,7,1,2,0
457,Nashik,2007,February,1,1,4,7,1,2,0
458,Nashik,2007,March,1,1,5,6,2,3,0
459,Nashik,2007,April,1,1,3,5,3,3,0
460,Nashik,2007,May,1,1,3,4,3,3,0
461,Nashik,2007,June,5,3,2,3,3,3,0
462,Nashik,2007,July,6,5,2,3,2,3,0
463,Nashik,2007,August,6,5,2,3,2,3,0
464,Nashik,2007,September,4,4,3,4,2,3,0
465,Nashik,2007,October,1,1,4,5,3,3,0
466,Nashik,2007,November,1,1,5,6,2,3,0
467,Nashik,2007,December,1,1,5,6,2,2,0
468,Nashik,2008,January,1,1,5,7,1,2,0
469,Nashik,2008,February,1,1,5,7,2,2,0
470,Nashik,2008,March,1,1,4,6,2,3,0
471,Nashik,2008,April,1,1,4,5,3,3,0
472,Nashik,2008,May,1,1,3,4,3,3,0
473,Nashik,2008,June,1,3,2,3,3,3,0
474,Nashik,2008,July,5,5,2,3,2,3,0
475,Nashik,2008,August,6,5,2,3,2,3,0
476,Nashik,2008,September,8,4,3,4,2,3,0
477,Nashik,2008,October,1,1,4,5,3,3,0
478,Nashik,2008,November,1,1,4,6,2,3,0
479,Nashik,2008,December,1,1,4,6,2,2,0
480,Nashik,2009,January,1,1,5,7,1,2,0
481,Nashik,2009,February,1,1,4,7,2,2,0
482,Nashik,2009,March,1,1,5,6,2,3,0
483,Nashik,2009,April,1,1,4,5,3,3,1
484,Nashik,2009,May,1,1,3,4,3,3,0
485,Nashik,2009,June,1,3,2,3,3,3,1
486,Nashik,2009,July,7,5,2,3,2,3,0
487,Nashik,2009,August,3,5,3,3,2,3,0
488,Nashik,2009,September,2,4,4,4,3,3,0
489,Nashik,2009,October,2,1,4,5,3,3,1
490,Nashik,2009,November,3,1,4,6,3,3,0
491,Nashik,2009,December,1,1,5,6,2,2,0
492,Nashik,2010,January,1,1,5,7,2,2,0
493,Nashik,2010,February,1,1,5,7,2,2,0
494,Nashik,2010,March,1,1,4,6,3,3,0
495,Nashik,2010,April,1,1,4,5,3,3,0
496,Nashik,2010,May,1,1,3,4,4,3,0
497,Nashik,2010,June,4,3,2,3,3,3,0
498,Nashik,2010,July,4,5,2,3,3,3,0
499,Nashik,2010,August,5,5,2,3,3,3,0
500,Nashik,2010,September,3,4,3,4,3,3,0
501,Nashik,2010,October,2,1,3,5,3,3,0
502,Nashik,2010,November,2,1,4,6,3,3,0
503,Nashik,2010,December,1,1,4,6,2,2,0
504,Nashik,2011,January,1,1,5,7,1,2,0
505,Nashik,2011,February,1,1,5,7,2,2,0
506,Nashik,2011,March,1,1,4,6,3,3,0
507,Nashik,2011,April,1,1,3,5,3,3,1
508,Nashik,2011,May,1,1,3,4,3,3,0
509,Nashik,2011,June,2,3,2,3,3,3,1
510,Nashik,2011,July,5,5,2,3,3,3,0
511,Nashik,2011,August,5,5,2,3,3,3,0
512,Nashik,2011,September,3,4,3,4,3,3,0
513,Nashik,2011,October,1,1,4,5,3,3,1
514,Nashik,2011,November,1,1,4,6,3,3,0
515,Nashik,2011,December,1,1,4,6,2,2,0
516,Nashik,2012,January,1,1,5,7,1,2,0
517,Nashik,2012,February,1,1,4,7,2,2,0
518,Nashik,2012,March,1,1,4,6,2,3,0
519,Nashik,2012,April,1,1,3,5,3,3,1
520,Nashik,2012,May,1,1,3,4,3,3,0
521,Nashik,2012,June,2,3,2,3,3,3,1
522,Nashik,2012,July,5,5,2,3,3,3,0
523,Nashik,2012,August,5,5,2,3,3,3,0
524,Nashik,2012,September,4,4,3,4,3,3,0
525,Nashik,2012,October,2,1,4,5,3,3,1
526,Nashik,2012,November,1,1,4,6,2,3,0
527,Nashik,2012,December,1,1,5,6,2,2,0
528,Nashik,2013,January,1,1,5,7,1,2,0
529,Nashik,2013,February,1,1,5,7,2,2,0
530,Nashik,2013,March,1,1,4,6,3,3,0
531,Nashik,2013,April,1,1,4,5,3,3,0
532,Nashik,2013,May,1,1,3,4,3,3,0
533,Nashik,2013,June,5,3,2,3,3,3,0
534,Nashik,2013,July,7,5,2,3,3,3,0
535,Nashik,2013,August,4,5,3,3,3,3,0
536,Nashik,2013,September,4,4,3,4,3,3,0
537,Nashik,2013,October,2,1,4,5,3,3,0
538,Nashik,2013,November,1,1,4,6,3,3,0
539,Nashik,2013,December,1,1,5,6,2,2,0
540,Nashik,2014,January,1,1,5,7,2,2,0
541,Nashik,2014,February,1,1,5,7,2,2,0
542,Nashik,2014,March,1,1,4,6,3,3,0
543,Nashik,2014,April,1,1,4,5,3,3,1
544,Nashik,2014,May,2,1,3,4,4,3,0
545,Nashik,2014,June,1,3,2,3,4,3,1
546,Nashik,2014,July,7,5,2,3,3,3,0
547,Nashik,2014,August,5,5,3,3,3,3,0
548,Nashik,2014,September,4,4,3,4,3,3,0
549,Nashik,2014,October,1,1,4,5,3,3,1
550,Nashik,2014,November,1,1,5,6,3,3,0
551,Nashik,2014,December,1,1,5,6,2,2,0
552,Nashik,2015,January,1,1,5,7,2,2,0
553,Nashik,2015,February,1,1,5,7,2,2,0
554,Nashik,2015,March,1,1,5,6,3,3,0
555,Nashik,2015,April,1,1,4,5,3,3,0
556,Nashik,2015,May,1,1,3,4,1,3,0
557,Nashik,2015,June,2,3,2,3,3,3,0
558,Nashik,2015,July,2,5,3,3,3,3,0
559,Nashik,2015,August,2,5,3,3,3,3,0
560,Nashik,2015,September,3,4,3,4,3,3,0
561,Nashik,2015,October,1,1,4,5,3,3,0
562,Nashik,2015,November,1,1,4,6,3,3,0
563,Nashik,2015,December,1,1,5,6,2,2,0
564,Nashik,2016,January,1,1,5,7,2,2,0
565,Nashik,2016,February,1,1,5,7,2,2,0
566,Nashik,2016,March,1,1,4,6,3,3,0
567,Nashik,2016,April,1,1,4,5,3,3,0
568,Nashik,2016,May,2,1,3,4,4,3,0
569,Nashik,2016,June,2,3,2,3,3,3,0
570,Nashik,2016,July,4,5,2,3,3,3,0
571,Nashik,2016,August,3,5,3,3,3,3,0
572,Nashik,2016,September,3,4,3,4,3,3,0
573,Nashik,2016,October,2,1,4,5,3,3,0
574,Nashik,2016,November,1,1,5,6,2,3,0
575,Nashik,2016,December,1,1,5,6,2,2,0
576,Aurangabad,2001,January,1,1,5,8,1,1,0
577,Aurangabad,2001,February,1,1,5,7,2,2,0
578,Aurangabad,2001,March,1,1,5,6,3,3,0
579,Aurangabad,2001,April,1,1,3,4,3,4,0
580,Aurangabad,2001,May,1,1,2,3,4,4,0
581,Aurangabad,2001,June,3,2,2,2,3,3,1
582,Aurangabad,2001,July,2,3,2,3,2,3,0
583,Aurangabad,2001,August,2,3,3,3,2,2,0
584,Aurangabad,2001,September,2,3,4,4,3,3,1
585,Aurangabad,2001,October,2,1,3,5,2,3,1
586,Aurangabad,2001,November,1,1,4,6,2,2,0
587,Aurangabad,2001,December,1,1,5,7,2,1,0
588,Aurangabad,2002,January,1,1,5,8,1,1,0
589,Aurangabad,2002,February,1,1,4,7,2,2,0
590,Aurangabad,2002,March,1,1,5,6,3,3,0
591,Aurangabad,2002,April,1,1,3,4,4,4,0
592,Aurangabad,2002,May,1,1,3,3,4,4,0
593,Aurangabad,2002,June,3,2,2,2,3,3,1
594,Aurangabad,2002,July,1,3,3,3,3,3,0
595,Aurangabad,2002,August,3,3,3,3,2,2,0
596,Aurangabad,2002,September,2,3,4,4,2,3,1
597,Aurangabad,2002,October,1,1,4,5,3,3,1
598,Aurangabad,2002,November,1,1,4,6,2,2,0
599,Aurangabad,2002,December,1,1,5,7,2,1,0
600,Aurangabad,2003,January,1,1,5,8,2,1,0
601,Aurangabad,2003,February,1,1,5,7,2,2,0
602,Aurangabad,2003,March,1,1,4,6,3,3,0
603,Aurangabad,2003,April,1,1,3,4,4,4,0
604,Aurangabad,2003,May,1,1,2,3,4,4,0
605,Aurangabad,2003,June,2,2,2,2,3,3,1
606,Aurangabad,2003,July,5,3,2,3,3,3,0
607,Aurangabad,2003,August,3,3,2,3,2,2,0
608,Aurangabad,2003,September,2,3,4,4,2,3,1
609,Aurangabad,2003,October,1,1,4,5,2,3,1
610,Aurangabad,2003,November,1,1,4,6,2,2,0
611,Aurangabad,2003,December,1,1,4,7,1,1,0
612,Aurangabad,2004,January,1,1,5,8,1,1,0
613,Aurangabad,2004,February,1,1,5,7,1,2,0
614,Aurangabad,2004,March,1,1,5,6,3,3,0
615,Aurangabad,2004,April,1,1,3,4,3,4,0
616,Aurangabad,2004,May,1,1,3,3,3,4,0
617,Aurangabad,2004,June,2,2,2,2,3,3,0
618,Aurangabad,2004,July,4,3,2,3,2,3,0
619,Aurangabad,2004,August,2,3,3,3,2,2,0
620,Aurangabad,2004,September,5,3,3,4,2,3,0
621,Aurangabad,2004,October,2,1,4,5,2,3,0
622,Aurangabad,2004,November,1,1,5,6,2,2,0
623,Aurangabad,2004,December,1,1,5,7,2,1,0
624,Aurangabad,2005,January,1,1,6,8,1,1,0
625,Aurangabad,2005,February,1,1,5,7,2,2,0
626,Aurangabad,2005,March,1,1,4,6,3,3,0
627,Aurangabad,2005,April,1,1,3,4,4,4,0
628,Aurangabad,2005,May,1,1,3,3,4,4,0
629,Aurangabad,2005,June,1,2,2,2,3,3,0
630,Aurangabad,2005,July,5,3,2,3,3,3,0
631,Aurangabad,2005,August,2,3,3,3,3,2,0
632,Aurangabad,2005,September,4,3,3,4,2,3,0
633,Aurangabad,2005,October,2,1,3,5,3,3,0
634,Aurangabad,2005,November,1,1,4,6,2,2,0
635,Aurangabad,2005,December,1,1,5,7,1,1,0
636,Aurangabad,2006,January,1,1,6,8,1,1,0
637,Aurangabad,2006,February,1,1,5,7,2,2,0
638,Aurangabad,2006,March,1,1,4,6,3,3,0
639,Aurangabad,2006,April,1,1,3,4,4,4,0
640,Aurangabad,2006,May,1,1,2,3,4,4,0
641,Aurangabad,2006,June,4,2,2,2,3,3,0
642,Aurangabad,2006,July,4,3,2,3,2,3,0
643,Aurangabad,2006,August,5,3,2,3,2,2,0
644,Aurangabad,2006,September,4,3,3,4,2,3,0
645,Aurangabad,2006,October,1,1,3,5,2,3,0
646,Aurangabad,2006,November,1,1,5,6,2,2,0
647,Aurangabad,2006,December,1,1,5,7,1,1,0
648,Aurangabad,2007,January,1,1,6,8,1,1,0
649,Aurangabad,2007,February,1,1,5,7,2,2,0
650,Aurangabad,2007,March,1,1,5,6,3,3,0
651,Aurangabad,2007,April,1,1,3,4,4,4,0
652,Aurangabad,2007,May,1,1,2,3,3,4,0
653,Aurangabad,2007,June,3,2,2,2,3,3,0
654,Aurangabad,2007,July,3,3,2,3,2,3,0
655,Aurangabad,2007,August,2,3,3,3,3,2,0
656,Aurangabad,2007,September,3,3,3,4,3,3,0
657,Aurangabad,2007,October,1,1,4,5,3,3,0
658,Aurangabad,2007,November,1,1,5,6,2,2,0
659,Aurangabad,2007,December,1,1,5,7,1,1,0
660,Aurangabad,2008,January,1,1,6,8,1,1,0
661,Aurangabad,2008,February,1,1,5,7,2,2,0
662,Aurangabad,2008,March,1,1,4,6,3,3,0
663,Aurangabad,2008,April,1,1,3,4,4,4,0
664,Aurangabad,2008,May,1,1,2,3,4,4,0
665,Aurangabad,2008,June,2,2,2,2,3,3,0
666,Aurangabad,2008,July,2,3,3,3,2,3,0
667,Aurangabad,2008,August,3,3,3,3,2,2,0
668,Aurangabad,2008,September,6,3,3,4,2,3,0
669,Aurangabad,2008,October,1,1,4,5,2,3,0
670,Aurangabad,2008,November,1,1,4,6,2,2,0
671,Aurangabad,2008,December,1,1,4,7,1,1,0
672,Aurangabad,2009,January,1,1,6,8,1,1,0
673,Aurangabad,2009,February,1,1,5,7,2,2,0
674,Aurangabad,2009,March,1,1,4,6,3,3,0
675,Aurangabad,2009,April,1,1,3,4,4,4,0
676,Aurangabad,2009,May,1,1,3,3,4,4,0
677,Aurangabad,2009,June,1,2,2,2,3,3,1
678,Aurangabad,2009,July,3,3,2,3,2,3,0
679,Aurangabad,2009,August,3,3,3,3,2,2,0
680,Aurangabad,2009,September,3,3,4,4,3,3,1
681,Aurangabad,2009,October,1,1,4,5,2,3,1
682,Aurangabad,2009,November,3,1,4,6,1,2,0
683,Aurangabad,2009,December,1,1,5,7,1,1,0
684,Aurangabad,2010,January,1,1,6,8,1,1,0
685,Aurangabad,2010,February,1,1,5,7,2,2,0
686,Aurangabad,2010,March,1,1,4,6,3,3,0
687,Aurangabad,2010,April,1,1,3,4,4,4,0
688,Aurangabad,2010,May,1,1,2,3,5,4,0
689,Aurangabad,2010,June,3,2,2,2,3,3,0
690,Aurangabad,2010,July,5,3,2,3,2,3,0
691,Aurangabad,2010,August,5,3,2,3,2,2,0
692,Aurangabad,2010,September,2,3,3,4,2,3,0
693,Aurangabad,2010,October,1,1,3,5,2,3,0
694,Aurangabad,2010,November,2,1,4,6,2,2,0
695,Aurangabad,2010,December,1,1,4,7,1,1,0
696,Aurangabad,2011,January,1,1,5,8,1,1,0
697,Aurangabad,2011,February,1,1,4,7,2,2,0
698,Aurangabad,2011,March,1,1,4,6,3,3,0
699,Aurangabad,2011,April,1,1,3,4,4,4,0
700,Aurangabad,2011,May,1,1,3,3,4,4,0
701,Aurangabad,2011,June,1,2,2,2,3,3,0
702,Aurangabad,2011,July,4,3,2,3,2,3,0
703,Aurangabad,2011,August,4,3,2,3,2,2,0
704,Aurangabad,2011,September,2,3,3,4,2,3,0
705,Aurangabad,2011,October,1,1,4,5,2,3,0
706,Aurangabad,2011,November,1,1,5,6,2,2,0
707,Aurangabad,2011,December,1,1,5,7,1,1,0
708,Aurangabad,2012,January,1,1,5,8,1,1,0
709,Aurangabad,2012,February,1,1,4,7,2,2,0
710,Aurangabad,2012,March,1,1,4,6,3,3,0
711,Aurangabad,2012,April,1,1,3,4,4,4,0
712,Aurangabad,2012,May,1,1,3,3,4,4,0
713,Aurangabad,2012,June,1,2,2,2,3,3,1
714,Aurangabad,2012,July,3,3,2,3,2,3,0
715,Aurangabad,2012,August,2,3,2,3,2,2,0
716,Aurangabad,2012,September,2,3,3,4,2,3,1
717,Aurangabad,2012,October,1,1,4,5,2,3,1
718,Aurangabad,2012,November,1,1,5,6,2,2,0
719,Aurangabad,2012,December,1,1,5,7,2,1,0
720,Aurangabad,2013,January,1,1,5,8,1,1,0
721,Aurangabad,2013,February,1,1,5,7,2,2,0
722,Aurangabad,2013,March,1,1,4,6,3,3,0
723,Aurangabad,2013,April,1,1,3,4,4,4,0
724,Aurangabad,2013,May,1,1,2,3,4,4,0
725,Aurangabad,2013,June,3,2,2,2,3,3,0
726,Aurangabad,2013,July,3,3,2,3,2,3,0
727,Aurangabad,2013,August,2,3,3,3,2,2,0
728,Aurangabad,2013,September,3,3,3,4,2,3,0
729,Aurangabad,2013,October,2,1,4,5,2,3,0
730,Aurangabad,2013,November,1,1,5,6,2,2,0
731,Aurangabad,2013,December,1,1,5,7,1,1,0
732,Aurangabad,2014,January,1,1,5,8,1,1,0
733,Aurangabad,2014,February,1,1,4,7,2,2,0
734,Aurangabad,2014,March,2,1,4,6,2,3,0
735,Aurangabad,2014,April,1,1,3,4,4,4,0
736,Aurangabad,2014,May,1,1,3,3,4,4,0
737,Aurangabad,2014,June,1,2,2,2,4,3,1
738,Aurangabad,2014,July,3,3,2,3,2,3,0
739,Aurangabad,2014,August,3,3,3,3,2,2,0
740,Aurangabad,2014,September,2,3,3,4,2,3,1
741,Aurangabad,2014,October,1,1,4,5,3,3,1
742,Aurangabad,2014,November,1,1,5,6,2,2,0
743,Aurangabad,2014,December,1,1,5,7,1,1,0
744,Aurangabad,2015,January,1,1,6,8,1,1,0
745,Aurangabad,2015,February,1,1,5,7,2,2,0
746,Aurangabad,2015,March,1,1,5,6,3,3,0
747,Aurangabad,2015,April,1,1,3,4,3,4,0
748,Aurangabad,2015,May,1,1,3,3,4,4,0
749,Aurangabad,2015,June,2,2,2,2,3,3,0
750,Aurangabad,2015,July,1,3,3,3,3,3,0
751,Aurangabad,2015,August,2,3,3,3,2,2,0
752,Aurangabad,2015,September,3,3,3,4,3,3,0
753,Aurangabad,2015,October,1,1,4,5,3,3,0
754,Aurangabad,2015,November,1,1,5,6,2,2,0
755,Aurangabad,2015,December,1,1,5,7,2,1,0
756,Aurangabad,2016,January,1,1,5,8,2,1,0
757,Aurangabad,2016,February,1,1,5,7,3,2,0
758,Aurangabad,2016,March,1,1,4,6,4,3,0
759,Aurangabad,2016,April,1,1,3,4,4,4,0
760,Aurangabad,2016,May,1,1,3,3,4,4,0
761,Aurangabad,2016,June,3,2,2,2,3,3,0
762,Aurangabad,2016,July,5,3,2,3,2,3,0
763,Aurangabad,2016,August,2,3,3,3,2,2,0
764,Aurangabad,2016,September,5,3,3,4,2,3,0
765,Aurangabad,2016,October,2,1,4,5,2,3,0
766,Aurangabad,2016,November,1,1,5,6,1,2,0
767,Aurangabad,2016,December,1,1,5,7,1,1,0
768,Amravati,2001,January,1,1,5,9,1,1,0
769,Amravati,2001,February,1,1,6,7,2,2,0
770,Amravati,2001,March,1,1,5,7,3,3,0
771,Amravati,2001,April,1,1,3,5,4,4,0
772,Amravati,2001,May,1,1,2,3,5,5,0
773,Amravati,2001,June,4,3,1,2,3,4,0
774,Amravati,2001,July,2,4,2,2,3,3,0
775,Amravati,2001,August,3,4,3,2,3,3,0
776,Amravati,2001,September,1,3,3,4,3,3,0
777,Amravati,2001,October,1,1,5,6,3,3,0
778,Amravati,2001,November,1,1,6,8,2,2,0
779,Amravati,2001,December,1,1,6,8,2,1,0
780,Amravati,2002,January,1,1,6,9,1,1,1
781,Amravati,2002,February,1,1,5,7,2,2,0
782,Amravati,2002,March,1,1,5,7,3,3,0
783,Amravati,2002,April,1,1,4,5,4,4,1
784,Amravati,2002,May,1,1,2,3,5,5,1
785,Amravati,2002,June,4,3,1,2,4,4,1
786,Amravati,2002,July,1,4,2,2,3,3,0
787,Amravati,2002,August,5,4,1,2,2,3,1
788,Amravati,2002,September,3,3,2,4,2,3,0
789,Amravati,2002,October,1,1,4,6,3,3,1
790,Amravati,2002,November,1,1,6,8,2,2,0
791,Amravati,2002,December,1,1,6,8,2,1,0
792,Amravati,2003,January,1,1,6,9,2,1,0
793,Amravati,2003,February,1,1,5,7,2,2,0
794,Amravati,2003,March,1,1,6,7,3,3,0
795,Amravati,2003,April,1,1,4,5,4,4,0
796,Amravati,2003,May,1,1,3,3,5,5,0
797,Amravati,2003,June,3,3,2,2,4,4,0
798,Amravati,2003,July,5,4,1,2,3,3,0
799,Amravati,2003,August,4,4,2,2,3,3,0
800,Amravati,2003,September,2,3,3,4,3,3,0
801,Amravati,2003,October,1,1,5,6,2,3,0
802,Amravati,2003,November,1,1,6,8,2,2,0
803,Amravati,2003,December,1,1,6,8,1,1,0
804,Amravati,2004,January,1,1,6,9,1,1,1
805,Amravati,2004,February,1,1,5,7,2,2,0
806,Amravati,2004,March,1,1,6,7,3,3,0
807,Amravati,2004,April,1,1,4,5,3,4,1
808,Amravati,2004,May,1,1,3,3,4,5,1
809,Amravati,2004,June,2,3,2,2,3,4,1
810,Amravati,2004,July,3,4,2,2,3,3,0
811,Amravati,2004,August,4,4,2,2,3,3,1
812,Amravati,2004,September,2,3,3,4,3,3,0
813,Amravati,2004,October,1,1,4,6,2,3,1
814,Amravati,2004,November,1,1,5,8,2,2,0
815,Amravati,2004,December,1,1,6,8,1,1,0
816,Amravati,2005,January,1,1,6,9,1,1,0
817,Amravati,2005,February,1,1,5,7,2,2,0
818,Amravati,2005,March,1,1,4,7,3,3,0
819,Amravati,2005,April,1,1,3,5,4,4,0
820,Amravati,2005,May,1,1,2,3,5,5,0
821,Amravati,2005,June,2,3,2,2,4,4,0
822,Amravati,2005,July,5,4,1,2,3,3,0
823,Amravati,2005,August,3,4,1,2,3,3,0
824,Amravati,2005,September,4,3,2,4,3,3,0
825,Amravati,2005,October,1,1,4,6,3,3,0
826,Amravati,2005,November,1,1,6,8,2,2,0
827,Amravati,2005,December,1,1,6,8,1,1,0
828,Amravati,2006,January,1,1,6,9,1,1,0
829,Amravati,2006,February,1,1,5,7,2,2,0
830,Amravati,2006,March,2,1,5,7,3,3,0
831,Amravati,2006,April,1,1,3,5,4,4,0
832,Amravati,2006,May,1,1,1,3,4,5,0
833,Amravati,2006,June,2,3,2,2,3,4,0
834,Amravati,2006,July,5,4,1,2,3,3,0
835,Amravati,2006,August,6,4,1,2,3,3,0
836,Amravati,2006,September,3,3,3,4,2,3,0
837,Amravati,2006,October,1,1,4,6,2,3,0
838,Amravati,2006,November,1,1,5,8,2,2,0
839,Amravati,2006,December,1,1,6,8,1,1,0
840,Amravati,2007,January,1,1,6,9,1,1,0
841,Amravati,2007,February,1,1,5,7,2,2,0
842,Amravati,2007,March,1,1,6,7,3,3,0
843,Amravati,2007,April,1,1,4,5,4,4,0
844,Amravati,2007,May,1,1,2,3,4,5,0
845,Amravati,2007,June,4,3,1,2,3,4,0
846,Amravati,2007,July,6,4,1,2,3,3,0
847,Amravati,2007,August,5,4,2,2,3,3,0
848,Amravati,2007,September,4,3,2,4,3,3,0
849,Amravati,2007,October,1,1,5,6,3,3,0
850,Amravati,2007,November,1,1,6,8,2,2,0
851,Amravati,2007,December,1,1,6,8,1,1,0
852,Amravati,2008,January,1,1,6,9,1,1,0
853,Amravati,2008,February,1,1,5,7,2,2,0
854,Amravati,2008,March,1,1,6,7,3,3,0
855,Amravati,2008,April,1,1,3,5,4,4,0
856,Amravati,2008,May,1,1,2,3,4,5,0
857,Amravati,2008,June,2,3,2,2,4,4,0
858,Amravati,2008,July,3,4,2,2,3,3,0
859,Amravati,2008,August,3,4,2,2,3,3,0
860,Amravati,2008,September,3,3,2,4,3,3,0
861,Amravati,2008,October,1,1,5,6,3,3,0
862,Amravati,2008,November,1,1,5,8,2,2,0
863,Amravati,2008,December,1,1,6,8,1,1,0
864,Amravati,2009,January,1,1,6,9,1,1,1
865,Amravati,2009,February,1,1,5,7,2,2,0
866,Amravati,2009,March,1,1,6,7,3,3,0
867,Amravati,2009,April,1,1,4,5,4,4,1
868,Amravati,2009,May,1,1,3,3,4,5,1
869,Amravati,2009,June,2,3,2,2,4,4,1
870,Amravati,2009,July,5,4,2,2,3,3,0
871,Amravati,2009,August,2,4,1,2,3,3,1
872,Amravati,2009,September,2,3,3,4,3,3,0
873,Amravati,2009,October,1,1,5,6,2,3,1
874,Amravati,2009,November,2,1,5,8,2,2,0
875,Amravati,2009,December,1,1,6,8,1,1,0
876,Amravati,2010,January,1,1,6,9,1,1,0
877,Amravati,2010,February,1,1,6,7,2,2,0
878,Amravati,2010,March,1,1,4,7,4,3,0
879,Amravati,2010,April,1,1,3,5,4,4,0
880,Amravati,2010,May,1,1,1,3,5,5,0
881,Amravati,2010,June,3,3,2,2,4,4,0
882,Amravati,2010,July,6,4,2,2,3,3,0
883,Amravati,2010,August,7,4,2,2,3,3,0
884,Amravati,2010,September,3,3,2,4,3,3,0
885,Amravati,2010,October,1,1,4,6,3,3,0
886,Amravati,2010,November,1,1,5,8,3,2,0
887,Amravati,2010,December,1,1,5,8,1,1,0
888,Amravati,2011,January,1,1,6,9,2,1,1
889,Amravati,2011,February,1,1,5,7,2,2,0
890,Amravati,2011,March,1,1,4,7,3,3,0
891,Amravati,2011,April,1,1,3,5,4,4,1
892,Amravati,2011,May,2,1,2,3,5,5,1
893,Amravati,2011,June,2,3,1,2,4,4,1
894,Amravati,2011,July,4,4,1,2,3,3,0
895,Amravati,2011,August,6,4,2,2,3,3,1
896,Amravati,2011,September,3,3,3,4,3,3,0
897,Amravati,2011,October,1,1,4,6,3,3,1
898,Amravati,2011,November,1,1,5,8,2,2,0
899,Amravati,2011,December,1,1,5,8,1,1,0
900,Amravati,2012,January,1,1,5,9,1,1,0
901,Amravati,2012,February,1,1,5,7,2,2,0
902,Amravati,2012,March,1,1,4,7,4,3,0
903,Amravati,2012,April,1,1,3,5,5,4,0
904,Amravati,2012,May,1,1,2,3,5,5,0
905,Amravati,2012,June,3,3,1,2,4,4,0
906,Amravati,2012,July,5,4,1,2,3,3,0
907,Amravati,2012,August,4,4,1,2,3,3,0
908,Amravati,2012,September,6,3,3,4,3,3,0
909,Amravati,2012,October,1,1,5,6,2,3,0
910,Amravati,2012,November,1,1,5,8,2,2,0
911,Amravati,2012,December,1,1,5,8,1,1,0
912,Amravati,2013,January,1,1,6,9,1,1,0
913,Amravati,2013,February,1,1,5,7,2,2,0
914,Amravati,2013,March,1,1,6,7,3,3,0
915,Amravati,2013,April,1,1,3,5,5,4,0
916,Amravati,2013,May,1,1,2,3,5,5,0
917,Amravati,2013,June,5,3,1,2,3,4,0
918,Amravati,2013,July,5,4,1,2,3,3,0
919,Amravati,2013,August,5,4,2,2,3,3,0
920,Amravati,2013,September,3,3,3,4,3,3,0
921,Amravati,2013,October,2,1,4,6,2,3,0
922,Amravati,2013,November,1,1,5,8,2,2,0
923,Amravati,2013,December,1,1,6,8,1,1,0
924,Amravati,2014,January,1,1,6,9,1,1,1
925,Amravati,2014,February,1,1,5,7,2,2,0
926,Amravati,2014,March,1,1,5,7,3,3,0
927,Amravati,2014,April,1,1,4,5,4,4,1
928,Amravati,2014,May,1,1,3,3,5,5,1
929,Amravati,2014,June,1,3,1,2,5,4,1
930,Amravati,2014,July,7,4,1,2,3,3,0
931,Amravati,2014,August,3,4,3,2,3,3,1
932,Amravati,2014,September,4,3,3,4,3,3,0
933,Amravati,2014,October,1,1,5,6,3,3,1
934,Amravati,2014,November,1,1,6,8,2,2,0
935,Amravati,2014,December,1,1,6,8,1,1,0
936,Amravati,2015,January,1,1,6,9,1,1,0
937,Amravati,2015,February,1,1,6,7,2,2,0
938,Amravati,2015,March,1,1,5,7,3,3,0
939,Amravati,2015,April,1,1,4,5,4,4,0
940,Amravati,2015,May,1,1,3,3,5,5,0
941,Amravati,2015,June,3,3,2,2,4,4,0
942,Amravati,2015,July,2,4,2,2,3,3,0
943,Amravati,2015,August,4,4,3,2,3,3,0
944,Amravati,2015,September,3,3,3,4,3,3,0
945,Amravati,2015,October,1,1,5,6,3,3,0
946,Amravati,2015,November,1,1,6,8,2,2,0
947,Amravati,2015,December,1,1,6,8,2,1,0
948,Amravati,2016,January,1,1,6,9,1,1,0
949,Amravati,2016,February,1,1,6,7,3,2,0
950,Amravati,2016,March,1,1,5,7,3,3,0
951,Amravati,2016,April,1,1,3,5,5,4,0
952,Amravati,2016,May,1,1,3,3,5,5,0
953,Amravati,2016,June,3,3,2,2,4,4,0
954,Amravati,2016,July,6,4,2,2,3,3,0
955,Amravati,2016,August,2,4,2,2,3,3,0
956,Amravati,2016,September,3,3,3,4,3,3,0
957,Amravati,2016,October,1,1,4,6,2,3,0
958,Amravati,2016,November,1,1,6,8,1,2,0
959,Amravati,2016,December,1,1,6,8,1,1,0
960,Solapur,2001,January,1,1,5,8,2,2,1
961,Solapur,2001,February,1,1,4,6,2,2,1
962,Solapur,2001,March,1,1,4,6,3,3,1
963,Solapur,2001,April,1,1,3,4,4,4,1
964,Solapur,2001,May,1,1,3,3,4,4,1
965,Solapur,2001,June,2,2,2,2,3,3,1
966,Solapur,2001,July,2,2,3,3,2,3,0
967,Solapur,2001,August,2,2,2,3,2,2,1
968,Solapur,2001,September,2,3,4,4,3,2,1
969,Solapur,2001,October,3,2,3,5,2,3,0
970,Solapur,2001,November,1,1,4,6,2,2,1
971,Solapur,2001,December,1,1,5,7,2,2,1
972,Solapur,2002,January,1,1,5,8,2,2,1
973,Solapur,2002,February,1,1,4,6,2,2,1
974,Solapur,2002,March,1,1,4,6,3,3,1
975,Solapur,2002,April,1,1,3,4,4,4,1
976,Solapur,2002,May,1,1,2,3,4,4,1
977,Solapur,2002,June,3,2,2,2,3,3,1
978,Solapur,2002,July,1,2,2,3,3,3,0
979,Solapur,2002,August,2,2,2,3,2,2,1
980,Solapur,2002,September,1,3,4,4,2,2,1
981,Solapur,2002,October,2,2,4,5,3,3,0
982,Solapur,2002,November,1,1,5,6,2,2,1
983,Solapur,2002,December,1,1,5,7,2,2,1
984,Solapur,2003,January,1,1,6,8,2,2,1
985,Solapur,2003,February,1,1,5,6,2,2,1
986,Solapur,2003,March,1,1,5,6,3,3,1
987,Solapur,2003,April,1,1,3,4,3,4,1
988,Solapur,2003,May,1,1,2,3,4,4,1
989,Solapur,2003,June,2,2,2,2,3,3,1
990,Solapur,2003,July,3,2,2,3,3,3,0
991,Solapur,2003,August,3,2,2,3,2,2,1
992,Solapur,2003,September,2,3,4,4,2,2,1
993,Solapur,2003,October,3,2,3,5,2,3,0
994,Solapur,2003,November,1,1,4,6,2,2,1
995,Solapur,2003,December,1,1,4,7,2,2,1
996,Solapur,2004,January,1,1,6,8,1,2,0
997,Solapur,2004,February,1,1,5,6,2,2,0
998,Solapur,2004,March,1,1,4,6,3,3,0
999,Solapur,2004,April,1,1,3,4,3,4,0
1000,Solapur,2004,May,1,1,2,3,3,4,0
1001,Solapur,2004,June,2,2,2,2,3,3,0
1002,Solapur,2004,July,3,2,2,3,2,3,0
1003,Solapur,2004,August,1,2,3,3,2,2,0
1004,Solapur,2004,September,4,3,3,4,2,2,0
1005,Solapur,2004,October,1,2,4,5,3,3,0
1006,Solapur,2004,November,1,1,5,6,2,2,0
1007,Solapur,2004,December,1,1,5,7,2,2,0
1008,Solapur,2005,January,1,1,6,8,2,2,0
1009,Solapur,2005,February,1,1,5,6,2,2,0
1010,Solapur,2005,March,1,1,5,6,3,3,0
1011,Solapur,2005,April,1,1,3,4,4,4,0
1012,Solapur,2005,May,1,1,2,3,4,4,0
1013,Solapur,2005,June,1,2,2,2,3,3,0
1014,Solapur,2005,July,3,2,2,3,3,3,0
1015,Solapur,2005,August,2,2,2,3,2,2,0
1016,Solapur,2005,September,3,3,3,4,2,2,0
1017,Solapur,2005,October,3,2,3,5,2,3,0
1018,Solapur,2005,November,1,1,5,6,2,2,0
1019,Solapur,2005,December,1,1,5,7,1,2,0
1020,Solapur,2006,January,1,1,6,8,1,2,0
1021,Solapur,2006,February,1,1,5,6,2,2,0
1022,Solapur,2006,March,1,1,4,6,3,3,0
1023,Solapur,2006,April,1,1,3,4,4,4,0
1024,Solapur,2006,May,1,1,2,3,3,4,0
1025,Solapur,2006,June,3,2,2,2,3,3,0
1026,Solapur,2006,July,1,2,3,3,2,3,0
1027,Solapur,2006,August,2,2,3,3,2,2,0
1028,Solapur,2006,September,4,3,3,4,2,2,0
1029,Solapur,2006,October,1,2,4,5,2,3,0
1030,Solapur,2006,November,1,1,5,6,2,2,0
1031,Solapur,2006,December,1,1,5,7,2,2,0
1032,Solapur,2007,January,1,1,6,8,2,2,0
1033,Solapur,2007,February,1,1,4,6,2,2,0
1034,Solapur,2007,March,1,1,5,6,3,3,0
1035,Solapur,2007,April,1,1,3,4,4,4,0
1036,Solapur,2007,May,1,1,3,3,3,4,0
1037,Solapur,2007,June,4,2,2,2,3,3,0
1038,Solapur,2007,July,1,2,2,3,2,3,0
1039,Solapur,2007,August,3,2,2,3,2,2,0
1040,Solapur,2007,September,4,3,3,4,2,2,0
1041,Solapur,2007,October,1,2,4,5,3,3,0
1042,Solapur,2007,November,1,1,5,6,2,2,0
1043,Solapur,2007,December,1,1,5,7,1,2,0
1044,Solapur,2008,January,1,1,6,8,2,2,0
1045,Solapur,2008,February,1,1,5,6,2,2,0
1046,Solapur,2008,March,1,1,4,6,3,3,0
1047,Solapur,2008,April,1,1,3,4,4,4,0
1048,Solapur,2008,May,1,1,2,3,4,4,0
1049,Solapur,2008,June,1,2,2,2,3,3,0
1050,Solapur,2008,July,2,2,3,3,2,3,0
1051,Solapur,2008,August,3,2,2,3,2,2,0
1052,Solapur,2008,September,5,3,3,4,2,2,0
1053,Solapur,2008,October,1,2,4,5,2,3,0
1054,Solapur,2008,November,1,1,4,6,2,2,0
1055,Solapur,2008,December,1,1,5,7,2,2,0
1056,Solapur,2009,January,1,1,6,8,2,2,1
1057,Solapur,2009,February,1,1,4,6,2,2,1
1058,Solapur,2009,March,1,1,5,6,3,3,1
1059,Solapur,2009,April,1,1,3,4,4,4,1
1060,Solapur,2009,May,1,1,3,3,4,4,1
1061,Solapur,2009,June,2,2,2,2,3,3,1
1062,Solapur,2009,July,1,2,2,3,2,3,0
1063,Solapur,2009,August,3,2,2,3,2,2,1
1064,Solapur,2009,September,4,3,4,4,2,2,1
1065,Solapur,2009,October,2,2,4,5,2,3,0
1066,Solapur,2009,November,1,1,4,6,2,2,1
1067,Solapur,2009,December,1,1,5,7,2,2,1
1068,Solapur,2010,January,1,1,6,8,2,2,0
1069,Solapur,2010,February,1,1,5,6,2,2,0
1070,Solapur,2010,March,1,1,4,6,3,3,0
1071,Solapur,2010,April,1,1,3,4,3,4,0
1072,Solapur,2010,May,1,1,2,3,4,4,0
1073,Solapur,2010,June,3,2,2,2,3,3,0
1074,Solapur,2010,July,3,2,2,3,2,3,0
1075,Solapur,2010,August,5,2,2,3,2,2,0
1076,Solapur,2010,September,3,3,3,4,2,2,0
1077,Solapur,2010,October,2,2,3,5,2,3,0
1078,Solapur,2010,November,1,1,4,6,2,2,0
1079,Solapur,2010,December,1,1,4,7,1,2,0
1080,Solapur,2011,January,1,1,5,8,1,2,1
1081,Solapur,2011,February,1,1,4,6,2,2,1
1082,Solapur,2011,March,1,1,4,6,3,3,1
1083,Solapur,2011,April,1,1,3,4,3,4,1
1084,Solapur,2011,May,1,1,3,3,4,4,1
1085,Solapur,2011,June,1,2,2,2,3,3,1
1086,Solapur,2011,July,3,2,2,3,2,3,0
1087,Solapur,2011,August,3,2,2,3,2,2,1
1088,Solapur,2011,September,1,3,3,4,2,2,1
1089,Solapur,2011,October,2,2,4,5,3,3,0
1090,Solapur,2011,November,1,1,5,6,2,2,1
1091,Solapur,2011,December,1,1,5,7,2,2,1
1092,Solapur,2012,January,1,1,5,8,2,2,1
1093,Solapur,2012,February,1,1,4,6,2,2,1
1094,Solapur,2012,March,1,1,4,6,3,3,1
1095,Solapur,2012,April,1,1,3,4,4,4,1
1096,Solapur,2012,May,1,1,3,3,4,4,1
1097,Solapur,2012,June,1,2,2,2,3,3,1
1098,Solapur,2012,July,2,2,2,3,3,3,0
1099,Solapur,2012,August,1,2,2,3,2,2,1
1100,Solapur,2012,September,2,3,3,4,2,2,1
1101,Solapur,2012,October,2,2,4,5,2,3,0
1102,Solapur,2012,November,1,1,5,6,2,2,1
1103,Solapur,2012,December,1,1,5,7,1,2,1
1104,Solapur,2013,January,1,1,5,8,1,2,0
1105,Solapur,2013,February,1,1,5,6,2,2,0
1106,Solapur,2013,March,1,1,4,6,3,3,0
1107,Solapur,2013,April,1,1,3,4,4,4,0
1108,Solapur,2013,May,1,1,2,3,3,4,0
1109,Solapur,2013,June,2,2,2,2,3,3,0
1110,Solapur,2013,July,3,2,2,3,2,3,0
1111,Solapur,2013,August,1,2,3,3,2,2,0
1112,Solapur,2013,September,4,3,3,4,2,2,0
1113,Solapur,2013,October,1,2,4,5,2,3,0
1114,Solapur,2013,November,1,1,5,6,2,2,0
1115,Solapur,2013,December,1,1,5,7,1,2,0
1116,Solapur,2014,January,1,1,5,8,2,2,0
1117,Solapur,2014,February,1,1,4,6,2,2,0
1118,Solapur,2014,March,1,1,4,6,3,3,0
1119,Solapur,2014,April,1,1,3,4,4,4,0
1120,Solapur,2014,May,1,1,3,3,3,4,0
1121,Solapur,2014,June,1,2,2,2,3,3,0
1122,Solapur,2014,July,2,2,2,3,2,3,0
1123,Solapur,2014,August,4,2,3,3,2,2,0
1124,Solapur,2014,September,1,3,3,4,2,2,0
1125,Solapur,2014,October,1,2,4,5,3,3,0
1126,Solapur,2014,November,1,1,5,6,2,2,0
1127,Solapur,2014,December,1,1,5,7,1,2,0
1128,Solapur,2015,January,1,1,6,8,2,2,0
1129,Solapur,2015,February,1,1,5,6,2,2,0
1130,Solapur,2015,March,1,1,5,6,3,3,0
1131,Solapur,2015,April,1,1,3,4,4,4,0
1132,Solapur,2015,May,1,1,3,3,4,4,0
1133,Solapur,2015,June,1,2,2,2,3,3,0
1134,Solapur,2015,July,1,2,3,3,2,3,0
1135,Solapur,2015,August,1,2,3,3,2,2,0
1136,Solapur,2015,September,2,3,3,4,2,2,0
1137,Solapur,2015,October,2,2,4,5,2,3,0
1138,Solapur,2015,November,1,1,5,6,2,2,0
1139,Solapur,2015,December,1,1,5,7,2,2,0
1140,Solapur,2016,January,1,1,5,8,1,2,0
1141,Solapur,2016,February,1,1,5,6,2,2,0
1142,Solapur,2016,March,1,1,4,6,3,3,0
1143,Solapur,2016,April,1,1,3,4,4,4,0
1144,Solapur,2016,May,1,1,3,3,4,4,0
1145,Solapur,2016,June,2,2,2,2,3,3,0
1146,Solapur,2016,July,2,2,2,3,3,3,0
1147,Solapur,2016,August,1,2,3,3,2,2,0
1148,Solapur,2016,September,3,3,3,4,2,2,0
1149,Solapur,2016,October,1,2,4,5,3,3,0
1150,Solapur,2016,November,1,1,5,6,2,2,0
1151,Solapur,2016,December,1,1,5,7,2,2,0
1152,Yavatmal,2001,January,1,1,5,8,2,2,0
1153,Yavatmal,2001,February,1,1,5,7,2,2,0
1154,Yavatmal,2001,March,1,1,4,7,3,3,0
1155,Yavatmal,2001,April,1,1,3,4,4,4,0
1156,Yavatmal,2001,May,1,1,2,3,5,5,0
1157,Yavatmal,2001,June,4,3,1,2,3,4,0
1158,Yavatmal,2001,July,2,5,2,2,3,3,0
1159,Yavatmal,2001,August,4,4,1,2,3,3,0
1160,Yavatmal,2001,September,1,3,3,4,3,3,0
1161,Yavatmal,2001,October,2,1,4,6,3,3,0
1162,Yavatmal,2001,November,1,1,6,8,2,2,0
1163,Yavatmal,2001,December,1,1,6,8,2,1,0
1164,Yavatmal,2002,January,1,1,5,8,2,2,0
1165,Yavatmal,2002,February,1,1,5,7,3,2,0
1166,Yavatmal,2002,March,1,1,6,7,3,3,0
1167,Yavatmal,2002,April,1,1,3,4,4,4,0
1168,Yavatmal,2002,May,1,1,2,3,5,5,0
1169,Yavatmal,2002,June,4,3,1,2,3,4,0
1170,Yavatmal,2002,July,2,5,2,2,3,3,0
1171,Yavatmal,2002,August,5,4,2,2,2,3,0
1172,Yavatmal,2002,September,3,3,3,4,3,3,0
1173,Yavatmal,2002,October,1,1,4,6,3,3,0
1174,Yavatmal,2002,November,1,1,6,8,2,2,0
1175,Yavatmal,2002,December,1,1,6,8,2,1,0
1176,Yavatmal,2003,January,1,1,6,8,2,2,1
1177,Yavatmal,2003,February,1,1,5,7,2,2,1
1178,Yavatmal,2003,March,1,1,5,7,3,3,1
1179,Yavatmal,2003,April,1,1,3,4,4,4,1
1180,Yavatmal,2003,May,1,1,2,3,5,5,1
1181,Yavatmal,2003,June,3,3,2,2,4,4,1
1182,Yavatmal,2003,July,4,5,1,2,3,3,1
1183,Yavatmal,2003,August,5,4,1,2,3,3,1
1184,Yavatmal,2003,September,4,3,2,4,3,3,0
1185,Yavatmal,2003,October,2,1,4,6,2,3,1
1186,Yavatmal,2003,November,1,1,5,8,2,2,1
1187,Yavatmal,2003,December,1,1,5,8,1,1,1
1188,Yavatmal,2004,January,1,1,6,8,1,2,1
1189,Yavatmal,2004,February,1,1,6,7,2,2,1
1190,Yavatmal,2004,March,1,1,6,7,3,3,1
1191,Yavatmal,2004,April,1,1,4,4,3,4,1
1192,Yavatmal,2004,May,2,1,1,3,4,5,1
1193,Yavatmal,2004,June,3,3,2,2,3,4,1
1194,Yavatmal,2004,July,4,5,1,2,3,3,1
1195,Yavatmal,2004,August,3,4,2,2,3,3,1
1196,Yavatmal,2004,September,2,3,3,4,3,3,0
1197,Yavatmal,2004,October,1,1,5,6,2,3,1
1198,Yavatmal,2004,November,1,1,5,8,2,2,1
1199,Yavatmal,2004,December,1,1,6,8,2,1,1
1200,Yavatmal,2005,January,2,1,6,8,2,2,0
1201,Yavatmal,2005,February,1,1,5,7,2,2,0
1202,Yavatmal,2005,March,1,1,5,7,3,3,0
1203,Yavatmal,2005,April,1,1,3,4,4,4,0
1204,Yavatmal,2005,May,1,1,2,3,5,5,0
1205,Yavatmal,2005,June,3,3,1,2,4,4,0
1206,Yavatmal,2005,July,8,5,1,2,3,3,0
1207,Yavatmal,2005,August,5,4,1,2,3,3,0
1208,Yavatmal,2005,September,3,3,2,4,3,3,0
1209,Yavatmal,2005,October,2,1,4,6,3,3,0
1210,Yavatmal,2005,November,1,1,5,8,2,2,0
1211,Yavatmal,2005,December,1,1,5,8,1,1,0
1212,Yavatmal,2006,January,1,1,6,8,1,2,0
1213,Yavatmal,2006,February,1,1,6,7,2,2,0
1214,Yavatmal,2006,March,1,1,4,7,3,3,0
1215,Yavatmal,2006,April,1,1,3,4,4,4,0
1216,Yavatmal,2006,May,1,1,1,3,4,5,0
1217,Yavatmal,2006,June,2,3,2,2,3,4,0
1218,Yavatmal,2006,July,6,5,1,2,3,3,0
1219,Yavatmal,2006,August,7,4,1,2,3,3,0
1220,Yavatmal,2006,September,4,3,2,4,2,3,0
1221,Yavatmal,2006,October,2,1,4,6,2,3,0
1222,Yavatmal,2006,November,1,1,6,8,2,2,0
1223,Yavatmal,2006,December,1,1,6,8,1,1,0
1224,Yavatmal,2007,January,1,1,6,8,2,2,0
1225,Yavatmal,2007,February,1,1,5,7,2,2,0
1226,Yavatmal,2007,March,1,1,5,7,3,3,0
1227,Yavatmal,2007,April,1,1,4,4,4,4,0
1228,Yavatmal,2007,May,1,1,2,3,4,5,0
1229,Yavatmal,2007,June,2,3,2,2,3,4,0
1230,Yavatmal,2007,July,5,5,2,2,3,3,0
1231,Yavatmal,2007,August,3,4,3,2,3,3,0
1232,Yavatmal,2007,September,4,3,2,4,3,3,0
1233,Yavatmal,2007,October,1,1,5,6,3,3,0
1234,Yavatmal,2007,November,1,1,6,8,2,2,0
1235,Yavatmal,2007,December,1,1,6,8,1,1,0
1236,Yavatmal,2008,January,1,1,6,8,2,2,0
1237,Yavatmal,2008,February,1,1,6,7,2,2,0
1238,Yavatmal,2008,March,2,1,4,7,3,3,0
1239,Yavatmal,2008,April,1,1,3,4,4,4,0
1240,Yavatmal,2008,May,1,1,2,3,4,5,0
1241,Yavatmal,2008,June,2,3,2,2,3,4,0
1242,Yavatmal,2008,July,3,5,2,2,3,3,0
1243,Yavatmal,2008,August,4,4,2,2,3,3,0
1244,Yavatmal,2008,September,3,3,3,4,3,3,0
1245,Yavatmal,2008,October,1,1,5,6,3,3,0
1246,Yavatmal,2008,November,1,1,5,8,2,2,0
1247,Yavatmal,2008,December,1,1,6,8,1,1,0
1248,Yavatmal,2009,January,1,1,6,8,2,2,1
1249,Yavatmal,2009,February,1,1,5,7,2,2,1
1250,Yavatmal,2009,March,1,1,5,7,3,3,1
1251,Yavatmal,2009,April,1,1,4,4,4,4,1
1252,Yavatmal,2009,May,1,1,3,3,4,5,1
1253,Yavatmal,2009,June,2,3,2,2,3,4,1
1254,Yavatmal,2009,July,3,5,1,2,3,3,1
1255,Yavatmal,2009,August,3,4,3,2,3,3,1
1256,Yavatmal,2009,September,2,3,3,4,3,3,0
1257,Yavatmal,2009,October,1,1,5,6,3,3,1
1258,Yavatmal,2009,November,2,1,5,8,2,2,1
1259,Yavatmal,2009,December,1,1,6,8,1,1,1
1260,Yavatmal,2010,January,1,1,6,8,2,2,0
1261,Yavatmal,2010,February,1,1,6,7,2,2,0
1262,Yavatmal,2010,March,1,1,4,7,3,3,0
1263,Yavatmal,2010,April,1,1,3,4,4,4,0
1264,Yavatmal,2010,May,1,1,1,3,5,5,0
1265,Yavatmal,2010,June,2,3,2,2,4,4,0
1266,Yavatmal,2010,July,7,5,2,2,3,3,0
1267,Yavatmal,2010,August,6,4,2,2,3,3,0
1268,Yavatmal,2010,September,3,3,2,4,3,3,0
1269,Yavatmal,2010,October,1,1,4,6,2,3,0
1270,Yavatmal,2010,November,2,1,5,8,2,2,0
1271,Yavatmal,2010,December,1,1,5,8,1,1,0
1272,Yavatmal,2011,January,1,1,6,8,1,2,0
1273,Yavatmal,2011,February,1,1,5,7,2,2,0
1274,Yavatmal,2011,March,1,1,4,7,3,3,0
1275,Yavatmal,2011,April,1,1,3,4,3,4,0
1276,Yavatmal,2011,May,1,1,2,3,4,5,0
1277,Yavatmal,2011,June,3,3,1,2,3,4,0
1278,Yavatmal,2011,July,5,5,1,2,3,3,0
1279,Yavatmal,2011,August,4,4,2,2,3,3,0
1280,Yavatmal,2011,September,3,3,3,4,3,3,0
1281,Yavatmal,2011,October,1,1,4,6,2,3,0
1282,Yavatmal,2011,November,1,1,5,8,2,2,0
1283,Yavatmal,2011,December,1,1,5,8,2,1,0
1284,Yavatmal,2012,January,1,1,5,8,2,2,0
1285,Yavatmal,2012,February,1,1,5,7,2,2,0
1286,Yavatmal,2012,March,1,1,4,7,3,3,0
1287,Yavatmal,2012,April,1,1,3,4,4,4,0
1288,Yavatmal,2012,May,1,1,2,3,5,5,0
1289,Yavatmal,2012,June,3,3,1,2,4,4,0
1290,Yavatmal,2012,July,6,5,1,2,3,3,0
1291,Yavatmal,2012,August,3,4,1,2,3,3,0
1292,Yavatmal,2012,September,4,3,3,4,3,3,0
1293,Yavatmal,2012,October,1,1,5,6,3,3,0
1294,Yavatmal,2012,November,1,1,5,8,2,2,0
1295,Yavatmal,2012,December,1,1,5,8,1,1,0
1296,Yavatmal,2013,January,1,1,6,8,1,2,0
1297,Yavatmal,2013,February,1,1,5,7,2,2,0
1298,Yavatmal,2013,March,1,1,6,7,3,3,0
1299,Yavatmal,2013,April,1,1,3,4,4,4,0
1300,Yavatmal,2013,May,1,1,2,3,4,5,0
1301,Yavatmal,2013,June,6,3,1,2,3,4,0
1302,Yavatmal,2013,July,8,5,1,2,3,3,0
1303,Yavatmal,2013,August,4,4,2,2,3,3,0
1304,Yavatmal,2013,September,2,3,3,4,2,3,0
1305,Yavatmal,2013,October,2,1,4,6,2,3,0
1306,Yavatmal,2013,November,1,1,5,8,2,2,0
1307,Yavatmal,2013,December,1,1,6,8,1,1,0
1308,Yavatmal,2014,January,1,1,6,8,1,2,1
1309,Yavatmal,2014,February,1,1,5,7,2,2,1
1310,Yavatmal,2014,March,1,1,5,7,3,3,1
1311,Yavatmal,2014,April,1,1,4,4,4,4,1
1312,Yavatmal,2014,May,1,1,3,3,4,5,1
1313,Yavatmal,2014,June,1,3,1,2,3,4,1
1314,Yavatmal,2014,July,3,5,1,2,3,3,1
1315,Yavatmal,2014,August,3,4,3,2,3,3,1
1316,Yavatmal,2014,September,3,3,3,4,3,3,0
1317,Yavatmal,2014,October,1,1,5,6,3,3,1
1318,Yavatmal,2014,November,1,1,6,8,2,2,1
1319,Yavatmal,2014,December,1,1,6,8,1,1,1
1320,Yavatmal,2015,January,1,1,6,8,2,2,0
1321,Yavatmal,2015,February,1,1,6,7,2,2,0
1322,Yavatmal,2015,March,1,1,5,7,3,3,0
1323,Yavatmal,2015,April,1,1,4,4,4,4,0
1324,Yavatmal,2015,May,1,1,3,3,5,5,0
1325,Yavatmal,2015,June,2,3,2,2,3,4,0
1326,Yavatmal,2015,July,1,5,2,2,3,3,0
1327,Yavatmal,2015,August,3,4,3,2,3,3,0
1328,Yavatmal,2015,September,3,3,3,4,3,3,0
1329,Yavatmal,2015,October,1,1,5,6,3,3,0
1330,Yavatmal,2015,November,1,1,6,8,2,2,0
1331,Yavatmal,2015,December,1,1,6,8,2,1,0
1332,Yavatmal,2016,January,1,1,6,8,1,2,0
1333,Yavatmal,2016,February,1,1,6,7,2,2,0
1334,Yavatmal,2016,March,1,1,5,7,3,3,0
1335,Yavatmal,2016,April,1,1,3,4,4,4,0
1336,Yavatmal,2016,May,1,1,3,3,5,5,0
1337,Yavatmal,2016,June,3,3,2,2,3,4,0
1338,Yavatmal,2016,July,6,5,2,2,3,3,0
1339,Yavatmal,2016,August,2,4,2,2,2,3,0
1340,Yavatmal,2016,September,3,3,3,4,3,3,0
1341,Yavatmal,2016,October,2,1,4,6,3,3,0
1342,Yavatmal,2016,November,1,1,6,8,2,2,0
1343,Yavatmal,2016,December,1,1,6,8,2,1,0
1344,Latur,2001,January,1,1,5,7,2,2,1
1345,Latur,2001,February,1,1,4,6,3,2,1
1346,Latur,2001,March,1,1,3,5,3,3,0
1347,Latur,2001,April,1,1,3,4,4,4,1
1348,Latur,2001,May,1,1,2,2,4,4,1
1349,Latur,2001,June,3,2,1,2,3,3,1
1350,Latur,2001,July,1,4,2,2,3,3,1
1351,Latur,2001,August,3,3,2,3,2,3,0
1352,Latur,2001,September,2,3,4,4,3,3,1
1353,Latur,2001,October,3,2,3,5,3,3,1
1354,Latur,2001,November,1,1,5,6,2,2,0
1355,Latur,2001,December,1,1,5,7,2,2,0
1356,Latur,2002,January,1,1,5,7,2,2,1
1357,Latur,2002,February,1,1,4,6,3,2,1
1358,Latur,2002,March,1,1,4,5,3,3,0
1359,Latur,2002,April,1,1,3,4,4,4,1
1360,Latur,2002,May,1,1,1,2,4,4,1
1361,Latur,2002,June,3,2,1,2,3,3,1
1362,Latur,2002,July,1,4,2,2,3,3,1
1363,Latur,2002,August,3,3,2,3,2,3,0
1364,Latur,2002,September,2,3,4,4,3,3,1
1365,Latur,2002,October,2,2,4,5,3,3,1
1366,Latur,2002,November,1,1,5,6,2,2,0
1367,Latur,2002,December,1,1,5,7,2,2,0
1368,Latur,2003,January,1,1,5,7,2,2,1
1369,Latur,2003,February,1,1,4,6,3,2,1
1370,Latur,2003,March,1,1,4,5,4,3,0
1371,Latur,2003,April,1,1,3,4,4,4,1
1372,Latur,2003,May,1,1,1,2,4,4,1
1373,Latur,2003,June,3,2,1,2,3,3,1
1374,Latur,2003,July,3,4,2,2,3,3,1
1375,Latur,2003,August,3,3,2,3,2,3,0
1376,Latur,2003,September,3,3,3,4,3,3,1
1377,Latur,2003,October,3,2,3,5,2,3,1
1378,Latur,2003,November,1,1,4,6,2,2,0
1379,Latur,2003,December,1,1,4,7,2,2,0
1380,Latur,2004,January,1,1,5,7,1,2,1
1381,Latur,2004,February,1,1,4,6,2,2,1
1382,Latur,2004,March,1,1,4,5,3,3,0
1383,Latur,2004,April,1,1,3,4,3,4,1
1384,Latur,2004,May,1,1,2,2,4,4,1
1385,Latur,2004,June,2,2,2,2,3,3,1
1386,Latur,2004,July,6,4,2,2,3,3,1
1387,Latur,2004,August,2,3,3,3,3,3,0
1388,Latur,2004,September,3,3,3,4,3,3,1
1389,Latur,2004,October,2,2,4,5,3,3,1
1390,Latur,2004,November,1,1,4,6,3,2,0
1391,Latur,2004,December,1,1,5,7,2,2,0
1392,Latur,2005,January,1,1,5,7,2,2,0
1393,Latur,2005,February,1,1,5,6,2,2,0
1394,Latur,2005,March,1,1,4,5,3,3,0
1395,Latur,2005,April,1,1,2,4,4,4,0
1396,Latur,2005,May,1,1,2,2,4,4,0
1397,Latur,2005,June,2,2,2,2,4,3,0
1398,Latur,2005,July,6,4,2,2,3,3,0
1399,Latur,2005,August,3,3,3,3,3,3,0
1400,Latur,2005,September,5,3,3,4,3,3,0
1401,Latur,2005,October,4,2,3,5,3,3,0
1402,Latur,2005,November,1,1,5,6,2,2,0
1403,Latur,2005,December,1,1,5,7,1,2,0
1404,Latur,2006,January,1,1,5,7,2,2,0
1405,Latur,2006,February,1,1,5,6,3,2,0
1406,Latur,2006,March,1,1,4,5,3,3,0
1407,Latur,2006,April,1,1,3,4,4,4,0
1408,Latur,2006,May,1,1,2,2,4,4,0
1409,Latur,2006,June,3,2,1,2,3,3,0
1410,Latur,2006,July,3,4,2,2,3,3,0
1411,Latur,2006,August,5,3,2,3,2,3,0
1412,Latur,2006,September,5,3,3,4,2,3,0
1413,Latur,2006,October,1,2,4,5,3,3,0
1414,Latur,2006,November,1,1,5,6,2,2,0
1415,Latur,2006,December,1,1,5,7,2,2,0
1416,Latur,2007,January,1,1,6,7,2,2,0
1417,Latur,2007,February,1,1,5,6,2,2,0
1418,Latur,2007,March,1,1,4,5,3,3,0
1419,Latur,2007,April,1,1,3,4,4,4,0
1420,Latur,2007,May,1,1,2,2,4,4,0
1421,Latur,2007,June,4,2,1,2,3,3,0
1422,Latur,2007,July,2,4,2,2,2,3,0
1423,Latur,2007,August,3,3,2,3,3,3,0
1424,Latur,2007,September,5,3,3,4,3,3,0
1425,Latur,2007,October,1,2,4,5,3,3,0
1426,Latur,2007,November,1,1,4,6,2,2,0
1427,Latur,2007,December,1,1,5,7,2,2,0
1428,Latur,2008,January,1,1,6,7,2,2,0
1429,Latur,2008,February,1,1,5,6,2,2,0
1430,Latur,2008,March,2,1,4,5,3,3,0
1431,Latur,2008,April,1,1,3,4,4,4,0
1432,Latur,2008,May,1,1,2,2,4,4,0
1433,Latur,2008,June,1,2,2,2,3,3,0
1434,Latur,2008,July,2,4,2,2,3,3,0
1435,Latur,2008,August,3,3,3,3,2,3,0
1436,Latur,2008,September,6,3,3,4,3,3,0
1437,Latur,2008,October,1,2,4,5,3,3,0
1438,Latur,2008,November,1,1,5,6,2,2,0
1439,Latur,2008,December,1,1,5,7,2,2,0
1440,Latur,2009,January,1,1,6,7,2,2,1
1441,Latur,2009,February,1,1,4,6,2,2,1
1442,Latur,2009,March,1,1,4,5,3,3,0
1443,Latur,2009,April,1,1,3,4,4,4,1
1444,Latur,2009,May,1,1,1,2,4,4,1
1445,Latur,2009,June,1,2,2,2,3,3,1
1446,Latur,2009,July,2,4,2,2,3,3,1
1447,Latur,2009,August,3,3,2,3,2,3,0
1448,Latur,2009,September,2,3,4,4,2,3,1
1449,Latur,2009,October,1,2,4,5,2,3,1
1450,Latur,2009,November,1,1,4,6,2,2,0
1451,Latur,2009,December,1,1,5,7,1,2,0
1452,Latur,2010,January,1,1,6,7,2,2,0
1453,Latur,2010,February,1,1,4,6,2,2,0
1454,Latur,2010,March,1,1,4,5,3,3,0
1455,Latur,2010,April,1,1,3,4,4,4,0
1456,Latur,2010,May,1,1,1,2,4,4,0
1457,Latur,2010,June,2,2,2,2,3,3,0
1458,Latur,2010,July,6,4,2,2,3,3,0
1459,Latur,2010,August,7,3,2,3,2,3,0
1460,Latur,2010,September,4,3,3,4,2,3,0
1461,Latur,2010,October,2,2,3,5,2,3,0
1462,Latur,2010,November,1,1,4,6,2,2,0
1463,Latur,2010,December,1,1,4,7,1,2,0
1464,Latur,2011,January,1,1,5,7,1,2,1
1465,Latur,2011,February,1,1,4,6,2,2,1
1466,Latur,2011,March,1,1,3,5,3,3,0
1467,Latur,2011,April,1,1,3,4,3,4,1
1468,Latur,2011,May,1,1,2,2,4,4,1
1469,Latur,2011,June,1,2,2,2,3,3,1
1470,Latur,2011,July,6,4,2,2,3,3,1
1471,Latur,2011,August,5,3,2,3,2,3,0
1472,Latur,2011,September,2,3,3,4,2,3,1
1473,Latur,2011,October,1,2,4,5,2,3,1
1474,Latur,2011,November,1,1,4,6,2,2,0
1475,Latur,2011,December,1,1,5,7,2,2,0
1476,Latur,2012,January,1,1,5,7,2,2,1
1477,Latur,2012,February,1,1,4,6,2,2,1
1478,Latur,2012,March,1,1,3,5,3,3,0
1479,Latur,2012,April,1,1,3,4,4,4,1
1480,Latur,2012,May,1,1,2,2,4,4,1
1481,Latur,2012,June,2,2,2,2,4,3,1
1482,Latur,2012,July,3,4,2,2,3,3,1
1483,Latur,2012,August,3,3,2,3,2,3,0
1484,Latur,2012,September,3,3,3,4,2,3,1
1485,Latur,2012,October,3,2,4,5,2,3,1
1486,Latur,2012,November,1,1,4,6,2,2,0
1487,Latur,2012,December,1,1,5,7,1,2,0
1488,Latur,2013,January,1,1,5,7,1,2,0
1489,Latur,2013,February,1,1,4,6,2,2,0
1490,Latur,2013,March,1,1,4,5,3,3,0
1491,Latur,2013,April,1,1,2,4,4,4,0
1492,Latur,2013,May,1,1,2,2,4,4,0
1493,Latur,2013,June,3,2,1,2,3,3,0
1494,Latur,2013,July,6,4,2,2,3,3,0
1495,Latur,2013,August,3,3,2,3,2,3,0
1496,Latur,2013,September,3,3,3,4,2,3,0
1497,Latur,2013,October,2,2,3,5,2,3,0
1498,Latur,2013,November,1,1,5,6,2,2,0
1499,Latur,2013,December,1,1,5,7,1,2,0
1500,Latur,2014,January,1,1,5,7,2,2,1
1501,Latur,2014,February,1,1,4,6,2,2,1
1502,Latur,2014,March,1,1,4,5,3,3,0
1503,Latur,2014,April,1,1,3,4,4,4,1
1504,Latur,2014,May,1,1,2,2,4,4,1
1505,Latur,2014,June,1,2,2,2,3,3,1
1506,Latur,2014,July,2,4,2,2,2,3,1
1507,Latur,2014,August,4,3,2,3,3,3,0
1508,Latur,2014,September,1,3,3,4,3,3,1
1509,Latur,2014,October,1,2,4,5,3,3,1
1510,Latur,2014,November,1,1,5,6,2,2,0
1511,Latur,2014,December,1,1,5,7,1,2,0
1512,Latur,2015,January,1,1,5,7,2,2,0
1513,Latur,2015,February,1,1,5,6,3,2,0
1514,Latur,2015,March,1,1,4,5,3,3,0
1515,Latur,2015,April,1,1,3,4,4,4,0
1516,Latur,2015,May,1,1,2,2,4,4,0
1517,Latur,2015,June,2,2,2,2,3,3,0
1518,Latur,2015,July,1,4,2,2,3,3,0
1519,Latur,2015,August,2,3,3,3,2,3,0
1520,Latur,2015,September,3,3,3,4,3,3,0
1521,Latur,2015,October,1,2,4,5,3,3,0
1522,Latur,2015,November,1,1,4,6,2,2,0
1523,Latur,2015,December,1,1,5,7,2,2,0
1524,Latur,2016,January,1,1,5,7,2,2,0
1525,Latur,2016,February,1,1,4,6,3,2,0
1526,Latur,2016,March,1,1,4,5,3,3,0
1527,Latur,2016,April,1,1,2,4,4,4,0
1528,Latur,2016,May,1,1,2,2,4,4,0
1529,Latur,2016,June,3,2,2,2,3,3,0
1530,Latur,2016,July,5,4,2,2,3,3,0
1531,Latur,2016,August,2,3,2,3,2,3,0
1532,Latur,2016,September,7,3,3,4,2,3,0
1533,Latur,2016,October,3,2,4,5,3,3,0
1534,Latur,2016,November,1,1,5,6,2,2,0
1535,Latur,2016,December,1,1,5,7,2,2,0
